{
  "timestamp": "2026-01-03T19:02:21.470094",
  "sizes": [
    1024,
    2048,
    4096,
    8192,
    16384,
    32768,
    65536,
    131072,
    262144,
    524288,
    1048576
  ],
  "implementations": {
    "numpy": {
      "times_ms": [
        0.015442492440342903,
        0.03254530020058155,
        0.06677396595478058,
        0.17124065198004246,
        0.33942447043955326,
        0.6719387602061033,
        1.424745423719287,
        3.231313545256853,
        8.654564619064331,
        16.91198837943375,
        38.26551046222448
      ],
      "gflops": [
        3.3155269589928382,
        3.4610220002821555,
        3.6804763126759465,
        3.1095420032741923,
        3.3788960428067996,
        3.6574761653073593,
        3.679871444200538,
        3.447861015020876,
        2.7260712743457107,
        2.9450919006407013,
        2.7402639801059205
      ]
    },
    "cpu_iterative": {
      "times_ms": [
        5.974140949547291,
        13.010238762944937,
        28.35590671747923,
        60.911274049431086,
        130.61365112662315,
        282.01787266880274,
        595.579796936363,
        1262.9578313790262,
        2704.077791888267,
        null,
        null
      ],
      "gflops": [
        0.008570269840031116,
        0.008657796528747435,
        0.008666977305596365,
        0.008741895622933099,
        0.008780705463077205,
        0.008714341317247527,
        0.00880298496854519,
        0.008821450505465404,
        0.00872495609067702,
        null,
        null
      ]
    },
    "cuda_naive": {
      "times_ms": [
        1.859150594100356,
        1.9454665016382933,
        1.9894069992005825,
        2.1140840835869312,
        2.255514496937394,
        2.5734170340001583,
        3.1712364871054888,
        3.880592994391918,
        6.994511466473341,
        11.524300323799253,
        23.244782583788037
      ],
      "gflops": [
        0.02753945816034107,
        0.05789870959234967,
        0.12353429946650207,
        0.2518726687050924,
        0.508478221513215,
        0.954994844415042,
        1.6532604936017814,
        2.870983897590062,
        3.373067599229437,
        4.321942209119716,
        4.511016595747058
      ]
    },
    "cuda_shared": {
      "times_ms": [
        1.258630771189928,
        1.3097808696329594,
        1.3908555265516043,
        1.5161384362727404,
        1.7515127547085285,
        2.2079984191805124,
        2.6174450758844614,
        3.7862889003008604,
        6.5516706090420485,
        11.245340574532747,
        22.02523755840957
      ],
      "gflops": [
        0.04067912621554196,
        0.0859991183346304,
        0.17669700073689262,
        0.35120803434615344,
        0.6547939756172965,
        1.1130442751458698,
        2.0030525371113574,
        2.942490732578468,
        3.6010601582196515,
        4.429155317251878,
        4.760793145677731
      ]
    }
  }
}